id,barcode,name,price
1,SKIRT/SQ.PANTS,212000100001,P 200.00
2,L.PANTS/TOKONG,212000100001,P 200.00
3,SALE L.SHORT,212000200001,P 99.00
4,CANDY PANTS,212000300001,P 180.00
5,L.PANTS/SHORTS,212000400001,P 300.00
6,SKIRT,212000500001,P 250.00
7,L.SHORT/SKIRT,212000600001,P 320.00
8,L.SHORTS/TOKONG,212001100002,P 280.00
9,SLACKS,212001300001,P 200.00
10,BABY BRA,212001400001,P 60.00
11,L.SHORT,212001500001,P 60.00
12,PANTY,212001600001,P 50.00
13,SWIMSUIT/PANTY,212001700002,P 40.00
14,SWIMSUIT/BRA,212001800001,P 60.00
15,SOCKS,212001900001,P 50.00
16,PANTY/TUBE 3=100,212002100001,P 100.00
17,SOCKS 3=100,212002100001,P 100.00
18,TUBE BRA,212002200001,P 75.00
19,L.PANTS,212002500001,P 350.00
20,PANTY 2=50,212002600001,P 25.00
21,L.PANTS,212002800001,P 380.00
22,BRA STRAP,212002900001,P 20.00
23,BRA STRAP,212003000001,P 10.00
24,K. SOCKS,212003000002,P 35.00
25,BELT,212003300001,P 300.00
26,L.SHORT,212003200001,P 65.00
27,S.BRA,212003700001,P 100.00
28,ECO BAG (M),212003900001,P  8.00
29,ECO BAG,212003800001,P 10.00
30,BOYLEG 6 IN 1,212004200001,P 200.00
31,BELT,212004600001,P 100.00
32,BELT,212004700001,P 150.00
33,BELT,212004800002,P 50.00
34,BELT,212004900001,P 75.00
35,ARMBAND/TATTOO,212005000001,P 75.00
36,KID'S SOCKS,212005000001,P 75.00
37,L.JOGGER/PANTS,212006000001,P 150.00
38,JOGGING PANTS,212006100002,P 250.00
39,KNEESOCKS,212006200002,P 100.00
40,BELT,212006300001,P 200.00
41,KID's CAP,212006400001,P 100.00
42,JOGGING PANTS,212006600001,P 200.00
43,K. UMBRELLA,212006700001,P 60.00
44,UMBRELLA,212006800001,P 100.00
45,UMBRELLA,212006900001,P 120.00
46,UMBRELLA/RAINCOAT,212007000001,P 80.00
47,RAINCOAT,212007100001,P 350.00
48,UMBRELLA@Z,212007200001,P 150.00
49,UMBRELLA@Z,212007300001,P 200.00
50,UMBRELLA,212007400001,P 250.00
51,BLOUSE/TERNO,213000100001,P 80.00
52,L.SHORTS,213000200001,P 80.00
53,SWIMSUITE,213000300001,P 100.00
54,L.SHORT/JOGGER,213000400001,P 100.00
55,DUSTER,213000500001,P 120.00
56,BLOUSE/DRESS,213000500001,P 120.00
57,BLOUSEL/CARDIGAN,213000600001,P 180.00
58,COVER UP,213000700001,P 200.00
59,BLOUSE,213000800001,P 220.00
60,BLOUSE(ACID),213000900002,P 230.00
61,TERNO /DRESS,213001000001,P 250.00
62,L.PULLOVER,213001100001,P 280.00
63,L.SANDO,213001300001,P  50.00
64,SPORTSWEAR/SET,213001500001,P 200.00
65,SWIMSUIT,213001500001,P 200.00
66,TUBE,213002000001,P 60.00
67,DRESS/KIMONO,213002200001,P 300.00
68,DRESS,213002300002,P 350.00
69,DRESS,213002400001,P 400.00
70,JUMPSUIT,213002400001,P 400.00
71,TERNO/BLOUSE,213002500001,P 450.00
72,DRESS,213002600001,P 500.00
73,TERNO/DRESS,213002700001,P 550.00
74,L. JACKET,213002800001,P 250.00
75,L. JACKET,213002900001,P 300.00
76,L.JUMPER,213003000002,P 299.00
77,BRALLETTE/BRA,213003100001,P 50.00
78,BLOUSE/CROPTOP,213003300001,P 150.00
79,BLOUSE,213003900001,P 320.00
80,BLOUSE,213004900001,P 380.00
81,DRESS,213004900001,P 380.00
82,RAIN JACKET,213005000001,P 600.00
83,DRESS/TERNO,213005000001,P 600.00
84,BARGAIN 3=100,213008800001,P 100.00
85,BARGAIN 2=50,213008900001,P 50.00
86,ECO BAG,214000000001,P 35.00
87,WALLET/BAG,214000100001,P 50.00
88,BAG,214000200001,P 100.00
89,TOTE BAG,214000300001,P 120.00
90,SLING BAG,214000400001,P 150.00
91,BAG/WALLET,214000500001,P 180.00
92,BAG,214000600001,P 200.00
93,BAG,214000700001,P 220.00
94,BAG,214000800002,P 250.00
95,BAG,214000900001,P 280.00
96,BAG@K,214001000001,P 300.00
97,BAG@K,214001100001,P 320.00
98,BAG 3IN1,214001200001,P 350.00
99,K. PILLOW/K.RND. CHAIR,214001200001,P 350.00
100,A.BIRD/CANDLE,214001300001,P 15.00
101,BAG/WALLET,214001400001,P 230.00
102,BAG/WALLET,214001500002,P 75.00
103,SALE BAG,214001600001,P 400.00
104,BAG/WALLET,214001700001,P 750.00
105,BEDSHEET,214001800001,P 800.00
106,KIDDIE FAN,214002100001,P 120.00
107,COIN PURSE,214002600001,P 35.00
108,BACKPACK@K,214002700001,P 380.00
109,ART. FLOWER,214002800001,P 200.00
110,KIDS BAG,214002900001,"P 1,459.00"
111,FLOWER VASE,214003000001,P 2000.00
112,LOPTOP TABLE W/O,214100000001,P 299.00
113,CURTAIN,214100100001,P 400.00
114,CASE W/LIGHTER,214100200001,P 399.00
115,CANDLE,214100300001,P 20.00
116,PHOTO FRAME,214100400001,P 100.00
117,CANDLE,214100500002,P 120.00
118,PILLOW CASE(3=100),214100600001,P 100.00
119,CURTAIN,214100700001,P 200.00
120,CANDLE/OIL BURNER,214100900001,P 150.00
121,COFFEE CUP,214101000001,P 150.00
122,KNEE PAD,214101100001,P 200.00
123,CANDLE HOLDER,214101200001,P 300.00
124,SOCKS@E,214101300001,P 169.00
125,SOCKS@E,214101400001,P179.00
126,BEDSHEET,214101500001,P 250.00
127,SOCKS 2=139CY,214101600001,P 139.00
128,STA. CLAUS FIGURINE,214101700001,P 500.00
129,PILLOW CASE 2=75,214101800001,P 75.00
130,PILLOW CASE 2=150,214101900001,P 150.00
131,BLANKET/PILLOW,214101900001,P 150.00
132,BLANKET,214102000001,P 300.00
133,PILLOW CASE 2=100,214102400001,P 100.00
134,TOWEL,214102200001,P 250.00
135,TOWEL,214102300001,P 50.00
136,TOWEL/CLIPBOARD,214102400001,P 100.00
137,CURTAIN/PILLOW,214102500001,P 300.00
138,TOWEL,214102600002,P 60.00
139,TOWEL,214102700001,P 120.00
140,CURTAIN,214102800001,P 150.00
141,TOWEL,214102900001,P 200.00
142,TOWEL 3=100,214103000001,P 100.00
143,MATTRESS,214103100001,P 120.00
144,BLANKET,214103200001,P 180.00
145,CHAIR PAD,214103300001,P 250.00
146,MATTRESS,214103400001,P 280.00
147,BED SHEED,214103500001,P 350.00
148,CHAIR PAD,214103600001,P 200.00
149,TOWEL 2=50,214103700001,P 50.00
150,TOWEL (3=50),214103800001,P 50.00
151,PILLOW CASE 2=200,214103900001,P 200.00
152,RAINCOAT,214104000001,P 550.00
153,BLANKET,214104100001,P 75.00
154,TABLE COVER,214104200001,P 100.00
155,TABLE COVER,214104300001,P 200.00
156,SANDAL/SLIPPER,215000400001,P 50.00
157,SANDAL/SLIPPER,215000500001,P 75.00
158,SANDAL/SLIPPER,215000600001,P 100.00
159,SANDAL/SLIPPER,215000700002,P 35.00
160,SANDAL/SLIPPER,215001000001,P 150.00
161,NECKLACE/EARRING,216000200001,P 150.00
162,XMAS SALE,216000300001,P 50.00
163,SHARPENER,216000400001,P 25.00
164,PERFUME,216000500001,P 80.00
165,NOTEBOOK,216000600002,P 35.00
166,FASHION RING,216000700001,P 100.00
167,GIFT BAG,216000800001,P 40.00
168,GIFT BAG/ORGANIZE,216000900001,P 50.00
169,C.LIGHTER,216001000001,P 60.00
170,SALE XMASLIGHT,216001100001,P 100.00
171,SALE XMASLIGHT,216001200001,P 120.00
172,EARRING,216001300002,P 200.00
173,EARRING,216001400001,P 250.00
174,NECKLACE,216001500001,P 300.00
175,BRACELET,216001600001,P 150.00
176,BRACELET/MIRROR,216001700001,P 35.00
177,C.ORGANIZER,216001800001,P 45.00
178,RING,216001900001,P 25.00
179,SALE XMAS LIGHT,216002100001,P 150.00
180,M. WATCH,216002200001,P 200.00
181,NECKLACE SET,216002300001,P 450.00
182,NECKLACE,216002400001,P 250.00
183,S.O'NIZER/CP STAN,216002500001,P 75.00
184,WATCH,216002600001,P 100.00
185,THERMOS/LUNCH BOX,216002700001,P 200.00
186,THERMOS,216002800001,P 250.00
187,WATER JUG,216002900001,P 150.00
188,PENCIL CASE,216003000001,P 100.00
189,NECKLACE SET,216003100001,P 500.00
190,CALENDAR,216003200001,P 20.00
191,CALENDAR,216003300001,P 40.00
192,CALENDAR,216003400001,P 50.00
193,H.BAND/PONY/CLAM,217000000001,P 15.00
194,PONYTAIL,217000100001,P 10.00
195,HAIRBAND,217000200001,P 20.00
196,CLAMS/PONY,217000200001,P 20.00
197,HAIRCLIP/P0NY,217000300001,P 25.00
198,HAIRCLIP/COMB,217000400001,P 30.00
199,KEY CHAIN/FAN,217000500002,P 40.00
200,KEY CHAIN,217000600001,P 30.00
201,EARRING,217000900001,P 150.00
202,HEADBAND,217001100001,P 100.00
203,HAIRBAND/ COMB,217001300001,P 35.00
204,HAIRCLIP,217001400001,P 40.00
205,HAIRBAND/PONY,217001500001,P 50.00
206,H.BAND,217001600001,P 80.00
207,EARRING,217001700001,P 20.00
208,EARRING,217001800001,P 30.00
209,RING/BRACELET,217002100001,P 280.00
210,BRACELET,217002200001,P 250.00
211,RING/BRACELET,217002300001,P 400.00
212,ENVELOPE/BALLPEN,217002400001,P 30.00
213,CRAYON(8),217002500001,P 40.00
214,STAPLER/STAMP,217002600001,P 50.00
215,CRAYON(16),217002700001,P 60.00
216,SALE XMASLIGHT,217002800001,P 80.00
217,T-SHIRT/SANDO,218000100001,P 80.00
218,BOXER SHORT,218000200001,P 80.00
219,SALE T-SHIRT,218000300001,P 100.00
220,M. SHORT,218000400002,P 100.00
221,T-SHIRT/SANDO,218000500001,P 120.00
222,T-SHIRT/M.JACKET,218000600001,P 150.00
223,BRIEF P25 (2=50),218000700001,P 25.00
224,M.CYCLE L/S,218000800001,P 250.00
225,SALE T/S 2=150,218000900001,P 150.00
226,T SHIRT/POLO,218001000001,P 200.00
227,M. SHORT,218001100002,P 350.00
228,T-SHIRT,218001200001,P 250.00
229,CARGO SHORT,218001500001,P 280.00
230,"T-SHIRT RN,WC",218001600001,P 280.00
231,T-SHIRT/SANDO,218001800001,P 180.00
232,M. JACKET,218002100001,P 500.00
233,POLO SHIRT,218002200001,P 350.00
234,POLOSHIRT,218002500001,P 380.00
235,M. JACKET,218002700001,P 250.00
236,POLO SHIRT,218002800001,P 300.00
237,MEN'S JACKET,218002900001,P 300.00
238,M. PANTS,218003200001,P 300.00
239,POLO,218003400001,P 350.00
240,M.PANTS,218003700001,P 580.00
241,M.SHORT/M.PANTS,218004100001,P 200.00
242,BOXER/BRIEF,218004800001,P 60.00
243,"BARGAIN T/S, SHORT",218005000001,P 60.00
244,BRIEF (3=100),218005200001,P 100.00
245,M.SHORT,218005300001,P 150.00
246,SALE POLO,218006100001,P 199.00
247,M. PANTS,218006200001,P 400.00
248,K.KNITTED BLOUSE,219000100001,P 75.00
249,K. SKIRT/K.SHORT,219000200001,P 75.00
250,K.POLO/DRESS,219000300002,P 100.00
251,K.JACKET/POLO,219000400001,P 180.00
252,K. SHORT/PANTS,219000400001,P 180.00
253,K. BLOUSE,219000400001,P 180.00
254,K.TERNO/DRESS,219000500001,P 120.00
255,K.TERNO/DRESS,219000900001,P 150.00
256,K.PANTY#C,219001000001,P 100.00
257,K. T/S.BLOUSE,219001100001,P 50.00
258,K.TERNO,219001700001,P 200.00
259,K.TERNO,219002100001,P 250.00
260,K.PANTS/JUMPER,219002100001,P 250.00
261,K. TERNO,219002600001,P 300.00
262,K. PANTS/CARGO,219002700001,P 300.00
263,K. JACKET,219002800001,P 600.00
264,"K. T/S M/S,SANDO",219002900001,P 85.00
265,SWIMSUIT,213009100001,P 350.00
266,P. FRAME,214102100001,P 120.00
267,MAGIC PILLOW,214102100002,P 130.00
268,DRESS,213003800001,P 900.00
269,KEY CHAIN,216000100001,P 100.00
270,REFLECTOR,216003500001,P 60.00
271,NECKLACE,216000000001,P 200.00
272,LEGO NOTEBOOK,216002700001,P 200.00
273,SMILE HOOK,216002900001,P 150.00
274,ASSTD. ACCSRIES.,217000100001,P 10.00
275,L.PANTS/SQ.PANTS,212007500001,P 430.00
276,K.TERNO,219000400001,P 180.00
277,L'TOKONG,212000500001,P 250.00
278,GIRDLE@Q,212004200001,P 200.00
279,HEADREST,214000600001,P 200.00
280,BARNEY XL,214100800001,P 450.00
281,BACKPACK,214001900001,P 450.00
282,JUMPSUIT,213002500001,P 450.00
283,K.BONNET,219001100001,P 50.00
284,"K.T/S,SANDO",219000700001,P 60.00
285,L.SANDO WHITE,213001900001,P 75.00
286,LADY SANDO/BLS,213002000001,P 60.00
287,M. PANTS,218001100002,P 350.00
288,M.TERNO/JERSEY,218001300001,P 250.00
289,MINNIE MOUSE,214101300001,P 600.00
290,L.JOGGER,212000000002,P 250.00
291,SWIMSUIT,213009000001,P 300.00
292,SANDAL/SLIPPER,215000300001,P120.00
293,K. BRIEF PACK,219000500001,P 120.00
294,LUNCH BOX,216002900001,P150.00
295,THERMOS,216002700001,P200.00
296,SLIPPER&SHOES,215002200002,P 199.00
297,SOCKS 2=50,212002600001,P 50.00
298,M. SHORTS,218001800001,P 180.00
299,UMBRELLA,212007600001,P 180.00
300,BLANKET,214100700001,P 200.00
301,THROW PILLOW,214103600001,P 200.00
302,PLACEMAT,214002800001,P 200/SET
303,L. SHORT/TOKONG,212000000002,P 250.00
304,L.SKIRT,212000400001,P 300.00
305,SCARF 2=50,214103700001,P 50.00
306,L.JACKET,213002300002,P 350.00
307,K.BLS/K.T/S,219000300002,P 100.00
308,VARSITY JACKET,218002300001,P 450.00
309,COIN PURSE,217002700001,P 60.00
310,KNITTED BLAZER,213002200001,P 300.00
311,M.SHORTS,218004200002,P 220.00
312,K.VARSITY JACKET,219002000001,P 350.00
313,K.PULL-OVER,219000900001,P 150.00
314,CARDIGAN,213002400001,P 400.00
315,RAIN COAT,212007700001,P 300.00
316,WATER JUG,216003000001,P 100.00
317,M.TERNO,218002900001,P 300.00
318,M. CARDIGAN,218002100001,P 500.00
319,SLIPPER&SHOES,215002200002,P 199.00
320,SPORT SHOES,215001300001,P 359.00
321,L.SKIRT,212001100002,P 280.00
322,GIFT BAG,216000400001,P 25.00
323,GIFT BAG,216003600001,P 15.00
324,GIFT BAG,216003700001,P 20.00
325,GIFT BAG,216003800001,P 30.00
326,BAG,214001200001,P 350.00
327,K.BOYLEG/SET@Q,219000500001,P 120.00
328,K.PANTS,219002200001,P 280.00
329,K.DRESS,219002600001,P 300.00
330,K.LEGGINGS,219000200001,P 75.00
331,K.SHORT/TOKONG,219000300002,P 100.00
332,K.PANTS/SHORT,219001700001,P 200.00
333,M.SHORT,218003200001,P 300.00
334,K. SHORT,219000500001,P 120.00
335,BLOUSE/TERNO,213003300001,P 150.00
336,SALE CURTAIN,214104200001,P 100.00
337,K. POLO/T-SHIRT,219000900001,P 150.00
338,CAP 150,218006300001,P 150.00
339,K.SHORT/PANTS,219000900001,P 150.00
340,KIDS POLO SHIRT,219002200001,P 280.00
341,CAPS,218000100001,P 80.00
342,BLOUSE/DRESS,213000700001,P 200.00
343,L.RASHGUARD,213003300001,P 150.00
344,K.POLO/BLOUSE,219002100001,P 250.00
345,BLOUSE,213002200001,P 300.00
346,PANTYPACK@Q,212002000001,P 180.00
347,BRIEFPACK@Q,218000500001,P 120.00
348,4IN1 BED SHEED,214104500001,P 400.00
349,NECKLACE,216002000001,P 350.00
350,L.PANTS,212002300001,P 400.00
351,K.TERNO,219003000001,P 320.00
352,K.TERNO,219003100001,P 350.00
353,K.TERNO,219003200001,P 400.00
354,PENCIL CASE/SET,217002600001,P 50.00
355,CHINESE DECOR,216003000001,P 100.00
356,CHINESE LANTERN,216002700001,P 200.00
357,K.DRESS,219002300001,P 500.00
358,SOFA CASE 2=100,214102400001,P 100.00
359,M.LONG SLEEVE,218000500001,P 120.00
360,K. SWIMSUIT,219003300001,P 150.00
361,MOSQUITO SWATTER,214002100001,P 120.00
362,SLING BAG@K,214000500001,P 180.00
363,INFLATABLE POOL,214002200001,P 600.00
364,BACKPACK,214002300002,P 700.00
365,TOWEL (6=100),214103000001,P 100.00
366,HOLY FAMILY,214002000001,P 480.00
367,INSECTS SPRAY,214103100001,P 120.00
368,MEN TERNO,218002200001,P 350.00
369,NECKLACE,217002000001,P 800.00
370,EARRING,216001700001,P 35.00
371,EARRING,216001800001,P 45.00
372,BRACELET,216002300001,P 450.00
373,BRACELET,216002000001,P 350.00
374,BRACELET,216001500001,P 300.00
375,NECKLACE,217002300001,P 400.00
376,NECKLACE,217001000001,P 550.00
377,NECKLACE,217001900002,P 650.00
378,NECKLACE/EARRING,217000800001,"P1,000.00"
379,REF/TV COVER,214101900001,P 150.00
380,WATCH,216001500001,P 300.00
381,FASHION RING,216002000001,P 350.00
382,FASHION RING,216001300002,P200.00
383,EARRING/RING,216000500001,P 80.00
384,FASHION RING,216001200001,P120.00
385,FASHION RING,217000900001,P150.00
386,POLO SHIRT,218006200001,P 400.00
387,K.LEGGINGS/SHORT,219002900001,P 85.00
388,SCHOOL BAG,214003100001,P1000.00
389,C.ORGANIZER 10M,217002900001,P180.00
390,M.SHORT/PANTS,218006800001,P 480.00
391,"T/S,SANDO",218001400002,P 230.00
392,NECKLACE,216003200002,P400.00
393,L.PAJAMA,213003200001,P 350.00
394,KID'S T/S,219001800001,P130.00
395,BINDER@Q,212002400001,P150.00
396,BINDER@Q,212002700001,P 120.00
397,PANTYLET,212003700001,P 100.00
398,BLOUSE,213001000001,P 250.00
399,BRA SET,212002700001,P 120.00
400,M.SHORT@A,218006500002,P 520.00
401,HAIR GRIP,217001200001,P 1200.00
402,FAN,214000000001,P 35.00
403,BLOUSE,213000300001,P 100.00
404,BELT,212004500001,P 120.00
405,HOME SOCKS,212006200002,P 100.00
406,M. CARGO SHORT,218006200001,P 400.00
407,L.SKIRT,212001300001,P 200.00
408,C.SHORT/PANTS,218002600001,P 380.00
409,CURTAIN,214100150001,P 250.00
410,CURTAIN,214101500001,P 250.00
411,T-SHIRT,218006900001,P160.00
412,BLOUSE,213009200001,P 130.00
413,TOWEL,214102800001,P 150.00
414,SLIPPERS,215000800001,P200.00
415,CAP,218006700002,P 120.00
416,POLO SHIRT,218006400001,P 480.00
417,L.TERNO,213000600001,P 180.00
418,K.CARGO SHORT,219003100001,P 350.00
419,,218001300001,P 250.00
420,IMPTD. BRA,212003500001,P 150.00
421,POLO SHIRT,218002300001,P 450.00
422,K.BLOUSE,219002900001,P 85.00
423,POLO SHIRT L/S,218002100001,P 500.00
424,MAGIC PILLOW,214000200001,P 100.00
425,BULLER,216001600001,P 150.00
426,BEDSHEET,214101600001,P 500.00
427,PANTY/BOX(12),212003600001,P 300.00
428,SCARF@F,213001600001,P 120.00
429,SCARF@F,213002100001,P 150.00
430,BRIEF PACK,218005100001,P 130.00
431,ECO BAG (S),212004000001,P  5.00
432,M.SHORT,218002000001,P 130.00
433,BRA,212002200001,P 75.00
434,L.TERNO,213000700001,P 200.00
435,L.SHORT,212000800001,P 230.00
436,PANTYGIRDLE@Q,212004300001,P 220.00
437,JUMPER,212002800001,P 380.00
438,SPORT SHOES,215001100001,P 300.00
439,TOTE BAG,214000400001,P 150.00
440,BARNEY (L),214001000001,P 300.00
441,L. CAP,213003500001,P 180.00
442,M.SANDO (ACID),218001200001,P 250.00
443,JOGGING PANTS,212007800001,P 150.00
444,CURTAIN,214103200001,P 180.00
445,BOOK COVER,214000000001,P 35.00
446,N.BOOK/PENCIL,216003600001,P 15.00
447,WATER JUG,217002900001,P 180.00
448,PENCIL CASE/SET,214001500002,P 75.00
449,FAN,217002600001,P 50.00
450,PENCIL CASE/SET,216003900002,P 120.00
451,I.D. HOLDER,216003700001,P 20.00
452,GIFT BAG,216000600002,P 35.00
453,GLUE,217002400001,P 30.00
454,FAN,214001500002,P 75.00
455,TOWEL/HANKIES,214104600001,P 30.00
456,PENCIL CASE,214003200001,P 100.00
457,M. SHORT/PAJAMA,218000500001,P 120.00
458,M.GLOVES,216003900002,P 120.00
459,"P,ENVELOPE",217003000001,P100.00
460,T-SHIRT@M,218002800001,P 300.00
461,POLO SHIRT@M,218003000001,P 320.00
462,M.SHORT,218001700001,P 90.00
463,M. JACKET,218001600001,P 280.00
464,BLOUSE,213001800001,P 90.00
465,CHAIR PAD,214102000001,P 300.00
466,BED SHEET,214103400001,P 280.00
467,BED SHEET,214102000001,P 300.00
468,RAINCOAT,212007900001,P 380.00
469,PANTY GIRDLE,212001200001,P 75.00
470,SALE POLO T/S,218007000001,P 150.00
471,SALE T/S M.SANDO,218007100001,P 50.00
472,BRIEFPACK@Q,218005500002,P 200.00
473,"ART,FLOWER",214002400001,P 100.00
474,T-SHIRT,218001900001,P  90.00
475,BACKPACK,214003300001,P 500.00
476,L.SUMMER HAT,213003700001,P 150.00
477,L.SUMMER HAT,213003600001,P 200.00
478,SPORTS BRA,212003500001,P 150.00
479,BUTT ENHANCER,212004100002,P 350.00
480,BRIEFPACK@Q,218005400001,P 150.00
481,T-SHIRT,218003000001,P 320.00
482,K.TERNO,219003400001,P 220.00
483,K.SOCKS,212006500001,P 150.00
484,PANTY GIRDLE@Q,212004400002,P 280.00
485,BONNET,218005000001,P 60.00
486,K.BLS./SKIRT,219000700001,P 60.00
487,STICKER 3=100,216004000002,P100.00
488,"K. T/S M/S ,BLS",219000600001,P 95.00
489,C. SHORTS/PANTS,218002400002,P 450.00
490,L.JUMPER,212001000002,P 450.00
491,SWIMSUIT,213001400001,P 250.00
492,M.JOGGER@E,212008000001,P 280.00
493,L.SQ.PANTS,212000600001,P 320.00
494,SCARF,213003400002,P 180.00
495,L.SANDO/SPAGETTI,213000100001,P 80.00
496,L.SHORT/LEGGINGS,213000500001,P 120.00
497,M.CAP,218007200002,P180.00
498,DUSTER/TERNO,213000900002,P 230.00
499,K.PANTS,219003200001,P 400.00
500,L.SHORT,212006000001,P 150.00
501,LEGGINGS/L.PANTS,212000300001,P 180.00
502,K. DRESS,219002200001,P 280.00
503,SCHOOL BAG,214003400002,"P1,200.00"
504,BACKPACK,214002000001,P 480.00
505,BACKPACK,214002500002,P 580.00
506,LUNCH BOX,216003900002,P 120.00
507,L.JOGGER PANTS,212001100002,P 280.00
508,L.JOGGER,212000800001,P 230.00
509,M.RASHGUARD,218005700002,P 400.00
510,M.SHORT,218003100001,P 320.00
511,JOGGING PANTS,212005200001,P 180.00
512,PHOTO FRAME,217002200001,P 250.00
513,SANDO BRA,212002700001,P 120.00
514,K.BRIEFPACK#C,219001000001,P 100.00
515,M.JACKET,218006400001,P 480.00
516,M.PULLOVER,218002500001,P 380.00
517,M.CAP,218000300001,P 100.00
518,K.SHORT,219001500001,P 199.00
519,CULOTTES,212002500001,P 350.00
520,M. JACKET@H,218003300002,P 320.00
521,M.LONG SLEEVE,218001400002,P 230.00
522,K.ASSRTED,219000500001,P 120.00
523,K.LEGGINGS,219000600001,P 95.00
524,SPIDER MAN,214003500001,P 900.00
525,SPIDER MAN,214001700001,P 750.00
526,K.BOX,214003300001,P 500.00
527,SPIDER MAN,214001200001,P 350.00
528,SPIDER MAN,214000800002,P 250.00
529,BRIEF PACK,218005600001,P 180.00
530,BOXER SHORT,218005800001,P 50.00
531,K.PANTS/SHORT,219003000001,P 320.00
532,DUSTER/ROMPER,213003300001,P 150.00
533,M.SHORT,218004300001,P 250.00
534,BLOUSE,213001100001,P 280.00
535,M.SHORT/PANTS,218004500001,P 420.00
536,K.JACKET@H,219002200001,P 280.00
537,K.DRESS,219002500002,P 230.00
538,SALE M. PANTS,218005900001,P 199.00
539,PANTY(3/PCK),212003400002,P 120.00
540,M.COAT,218007300002,P 780.00
541,POLO,218000300001,P 100.00
542,BELT,212005300001,P 250.00
543,SWIMMING TRUNKS,218003500002,P 230.00
544,M.JACKET,218001800001,P 180.00
545,MAGIC PILLOW,214000700001,P 220.00
546,SALE BLOUSE,213001200001,P 99.00
547,K. BLOUSE,219001500001,P 199.00
548,SALE JACKET,218006100001,P 199.00
549,M. LONGSLEEVE,218001600001,P 280.00
550,K.BAG,214003600002,P 650.00
551,POKEMON,214002700001,P 380.00
552,POKEMON,214001400001,P 230.00
553,SALE M. SHORT,218004900002,P 99.00
554,K.DRESS,219002100001,P 250.00
555,DRESS,213003900001,P 320.00
556,K.JOGGER,219003400001,P 220.00
557,L.JOGGER,212006100002,P 250.00
558,M.LONG SLEEVE,218007400001,P 119.00
559,DRESS/BLOUSE,213103400001,P 379.00
560,BLOUSE,213100400001,P 79.00
561,M.SHORT/PANTS,218101100001,P 149.00
562,T-SHIRT/SANDO,218100800001,P 119.00
563,BLOUSE@B,213100600001,P 99.00
564,SALE ASSRTD,218100600001,P 99.00
565,BLOUSE/SKIRT,213100300001,P 69.00
566,BLOUSE(B&C),213101000001,P 139.00
567,T-SHIRT,218102100002,P 249.00
568,M.JACKET/M.POLO,218103100002,P 349.00
569,SWIMSUIT,213101100002,P 149.00
570,BACKPACK,214005300001,P 229.00
571,BACKPACK@K,214005500001,P 249.00
572,BACKPACK,214005800001,P 279.00
573,BACKPACK@K,214006000001,P 299.00
574,L.BAG 3N 1,214006300002,P 329.00
575,K.BAG,214007700002,P 469.00
576,K.BAG,214009000002,P 599.00
577,TEEN T-SHIRT(B&C),218101000001,P 139.00
578,M.SHORT,218101400001,P 179.00
579,L.TOKONG,213101400002,P 179.00
580,POLO SHIRT,218102900002,P 329.00
581,POLO SHIRT,218102400002,P 279.00
582,M.PANTS,218102600002,P 299.00
583,BLOUSE/CROPTOP,213101100002,P 149.00
584,K.SHORT,219105700001,P 119.00
585,BLOUSE/TERNO,213100900001,P 129.00
586,M.SHORT,218100800001,P 119.00
587,BLOUSE,213101600001,P 199.00
588,TOWEL,214104700002,P  35.00
589,TOWEL,214103200001,P 180.00
590,TOWEL/BLANKET,214105100002,P 199.00
591,M.SANDO(B&C),218101100001,P 149.00
592,POLO SHIRT,218102900002,P 329.00
593,M.RASHGUARD@T,218103300001,P 369.00
594,M.RGUARD/ T-SHIRT,218103500001,P 389.00
595,T-SHIRT W/C,218103300001,P 369.00
596,K.PANTS,219105900002,P 329.00
597,M.SHORT,218101600001,P 199.00
598,M.SHORT/T-SHIRT,218100900001,P 130.00
599,BLOUSE,213102600001,P 299.00
600,BLOUSE/JACKET,213102100001,P 249.00
601,K.BLOUSE,219105400001,P 79.00
602,K.PANTYPACK/BRIEF,219106200001,P 149.00
603,L.JACKET,213103100002,P 349.00
604,CARGO SHORT,218103000001,P 339.00
605,M.SHORT@R,218102800001,P 329.00
606,M.SHORT/PANTS,218103100002,P 349.00
607,M.SHORT,218102500001,P 289.00
608,M.SHORT@I,218101300001,P 169.00
609,BLOUSE/DRESS,213102900002,P 329.00
610,BLS/L.JACKET,213101900002,P 229.00
611,SQUAREPANTS,212102500001,P 179.00
612,L.PANTS/SHORT,212102800001,P 199.00
613,L.TOKONG,212102300002,P 249.00
614,SQ.PANTS@S,212103000001,P 299.00
615,SHORT/SKIRT@J,212102700001,P 259.00
616,L.PANTS/SKIRT,212104200001,P 479.00
617,JUMPSUIT,212104000002,P 339.00
618,BLOUSE,213102600001,P 299.00
619,L.SHORT,212102600001,P 229.00
620,COVER UP,213100800002,P 119.00
621,COVER-UP@A,213101500002,P 179.00
622,L.TERNO/DRESS,213104800001,P 699.00
623,COIN PURSE,214004200001,P 119.00
624,UNISEX JACKET,218101700002,P 199.00
625,M.JOGGER,218101600001,P 200.00
626,H.BAND/CLAMS,217000700002,P 75.00
627,BAG ACCESSORIES,214004500001,P 149.00
628,SLING BAG,214004700001,P 169.00
629,SLING BAG,214005000002,P 199.00
630,PONY/SET,214004100001,P 99.00
631,HAIRCLIP/SET,214004500001,P 149.00
632,M.RASHGUARD,218103600002,P 399.00
633,BLOUSE,213100800002,P 119.00
634,BACKPACK@K,214009200002,P 799.00
635,L.BACKPACK,214009500002,P 999.00
636,BLOUSE@L,213102500001,P 289.00
637,BLOUSE@L,213102300001,P 269.00
638,L.SKIRT@J,212103000001,P 299.00
639,M.POLO/JACKET,218102700001,P 299.00
640,L.SHORT,212102100001,P 119.00
641,L.SKIRT/SQ.PANTS,212102600001,P 229.00
642,BLS/DRESS,213103300001,P 369.00
643,BACKPACK@K,214006500002,P 349.00
644,K. POLO/T-SHIRT,219105600001,P 249.00
645,BRA SET,212101500002,P 149.00
646,K.HANDBAG,214006000001,P 299.00
647,BACKPACK,214006500002,P 349.00
648,L.SHORT@H,212102200001,P 139.00
649,T-SHIRT/SANDO,218101800001,P 219.00
650,S.PANTS,212102900002,P 279.00
651,BLOUSE@L,213102200001,P 259.00
652,BLOUSE@B,213101500002,P 179.00
653,SQ.PANTS,212102700001,P 259.00
654,SQ.PANTS/SKIRT,212104100001,P 399.00
655,SQ.PANTS/SKIRT,212104500001,P 559.00
656,POLO,218104000002,P 499.00
657,M. JACKET,218104200002,P 529.00
658,LEATHER JACKET,218104500002,P 639.00
659,T-SHIRT/POLO,218101100001,P 149.00
660,BLANKET,214105200001,P 249.00
661,BLANKET,214105000001,P 149.00
662,BLOUSE/L.TERNO,213103600001,P 499.00
663,L.RASHGUARD,213103500001,P 429.00
664,DRESS,213103700001,P 399.00
665,BACKPACK,214007800001,P 499.00
666,M.SWEATSHIRT,218102400002,P 279.00
667,BLOUSE,213102400001,P 279.00
668,K.T-SHIRT(B&C),219105800002,P 149.00
669,T-SHIRT,218102700001,P 299.00
670,TEENS DRESS,219105500001,P 229.00
671,K.TERNO,219105500001,P 229.00
672,K.TERNO,219106100002,P 299.00
673,M.SLACKS,218103800001,P 489.00
674,UNISEX JOGGER,218101900001,P 229.00
675,DRESS,213102600001,P 299.00
676,JUMPSHORT@G,213102900002,P 329.00
677,"K.SALE T/S,B/S",219105300001,P 99.00
678,M.RASHGUARD,218103100002,P 349.00
679,L.PANTS/SHORT,212102300002,P 249.00
680,JUMPSUIT/DRESS,213104500001,P 559.00
681,L.JACKET/BLOUSE,213103400001,P 379.00
682,M.JOGGER,218101400001,P 179.00
683,K.SHORT,219105600001,P 249.00
684,BLOUSE@X,213101800002,P 219.00
685,L.TERNO,213101600001,P 199.00
686,K.T-SHIRT,219106000001,P 179.00
687,SKIRT,212102800001,P 199.00
688,L.RASHGUARD,213102400001,P 279.00
689,K.PANTS/JUMPSUIT,219106300001,P 319.00
690,L.SHORT/S.PANTS,212104300002,P 369.00
691,BLOUSE/DRESS,213103800001,P 449.00
692,BLOUSE&PAJAMA,213100700001,P 109.00
693,BLOUSE,213100500001,P 89.00
694,K.POLO,219105200001,P 279.00
695,L.RASHGUARD@T,213103200001,P 369.00
696,POLO SHIRT,218103700001,P 449.00
697,L.RASHGUARD@T,213103000001,P 329.00
698,M.SLACKS,218102200001,P 249.00
699,K.KNITTED(SALE),219105800002,P 149.00
700,SQ.PANTS,212103100001,P 329.00
701,M.JACKET,218102000001,P 229.00
702,CARGO SHORT,218102800001,P 329.00
703,M.SHORT@A,218103500001,P 389.00
704,M.CARGO SHORT,218103400002,P 439.00
705,BLOUSE\DRESS,213103100002,P 349.00
706,ROMPER@G,213102700002,P 319.00
707,T-SHIRT,218101700002,P 199.00
708,BACKPACK,214008100002,P 549.00
709,BACKPACK@K,214006300002,P 329.00
710,BLOUSE,213103700001,P 399.00
711,L.SHORT/S.PANTS,212103200001,P 359.00
712,BAG/TROLLEY,214009300002,P 899.00
713,STUFF TOYS,214004300001,P 129.00
714,STUFF TOYS,21400500002,P 199.00
715,L.BAG@K,214005500001,P 249.00
716,STUFF TOYS,214004500001,P 149.00
717,BACKPACK@K,214006700002,P 369.00
718,STUFF TOYS,214009000002,P 599.00
719,STUFF TOYS,214006900001,P 399.00
720,STUFF TOYS,214009500002,P 999.00
721,K. BAG,214006900001,P 399.00
722,STUFF TOYS,214007500001,P 449.00
723,SLING BAG,214004300001,P 129.00
724,F. ACCESSORIES,217101000001,P199.00
725,F.ACCESSORIES,217102000001,P 299.00
726,DRESS,213104300001,P 549.00
727,DRESS/BLOUSE,213103500001,P 429.00
728,BACKPACK,214007500001,P 449.00
729,L.BAG@K,214005900001,P 289.00
730,BACKPACK,214006800001,P 389.00
731,M.RASHGUARD,218104300001,P 579.00
732,SPORT SHOES,215001500001,P 379.00
733,SPORT SHOES,215001600001,P 389.00
734,SPORT SHOES,215001400001,P 369.00
735,SLIP ON SHOES,215001200001,P 219.00
736,SLIP ON SHOES,215001700001,P 229.00
737,M.JOGGER@H,218102200001,P 249.00
738,T-SHIRT/SANDO,218101500001,P 189.00
739,BLOUSE/DRESS,213102700002,P 319.00
740,K.POLO,219106400002,P 349.00
741,K.JUMPER,219106500001,P 369.00
742,K.TERNO@L,219105900002,P 329.00
743,K.ROMPER@L,219106700001,P 259.00
744,K.DRESS@L,219106300001,P 319.00
745,K.TERNO,219106100002,P 299.00
746,M.MUSCLES@E,218104200002,P 529.00
747,M.SHORT,218103700001,P 449.00
748,DRESS/TERNO,213104200001,P 529.00
749,M.T-SHIRT(B&C),218101700002,P 199.00
750,K.SHORT,219105200001,P 279.00
751,K.BLOUSE,219106800001,P 269.00
752,L.SHORT/PANTS,212103300001,P 149.00
753,L.JACKET/CARDIGAN,213104200001,P 529.00
754,K.SHORT,219106900002,P 109.00
755,K.SWEATSHIRT,219107000002,P 129.00
756,K.T-SHIRT(B&C),219107100002,P 139.00
757,K.DRESS/BLS,219106700001,P 259.00
758,K.SHOES,215001800002,P179.00
759,SPORT SHOES,215001900002,P399.00
760,SPORT SHOES,215002000002,P329.00
761,SPORT SHOES,215002100002,P 449.00
762,LEATHER JACKET,218104600002,P 765.00
763,L.SHORT,212102000001,P 130.00
764,T-SHIRT@M,218101700001,P 209.00
765,L.JACKET@A,218104700002,"P 1,299.00"
766,SQ.PANTS/SKIRT,212103400001,P 349.00
767,L.PANTS/SQ. PANTS,212103000001,P 299.00
768,M.TERNO,218104800001,P 899.00
769,M.SHORT/T-SHIRT,218100900001,P 130.00
770,F.ACCESSORIES,217101100001,P 249.00
771,F.ACCESSORIES,217102100001,P 349.00
772,STUFF TOYS,214007800001,P 499.00
773,HAIRCLIP,217000700001,P 70.00
774,T-SHIRT@N,218103200001,P 309.00
775,L.JACKET,213104900001,P 765.00
776,M.CAP@E,218007500001,P 299.00
777,M.PANTS@Y,218103600001,P 399.00
778,SQ.PANTS/SKIRT,212103500001,P 379.00
779,M.JACKET,218104400001,P 599.00
780,DRESS/JUMPSUIT,213104400002,P 599.00
781,BACKPACK@K,214006100002,P 319.00
782,K.TERNO,219107000002,P 129.00
783,T-SHIRT(B&C),218101300001,P 169.00
784,PANTY(6IN1)#C,212002000001,P 180.00
785,BRIEF PACK#C,218101000002,P 139.00
786,BT SPEAKER,215002500001,P 120.00
787,XMAS LIGHT,215004000002,P 75.00
788,XMAS LIGHT,215004100002,P 99.00
789,BT SPEAKERLIGHT,215002600001,P 249.00
790,BT SPEAKERLIGHT,215002700001,P 399.00
791,XMAS LIGHT,215004200002,P 79.00
792,XMAS LIGHT,215004300002,P 129.00
793,XMASLIGHT,215004400002,P 149.00
794,XMASLIGHT,215004500002,P 179.00
795,XMASLIGHT,215004600002,P 229.00
796,XMASLIGHT,215004700002,P 259.00
797,XMASLIGHT,215004800002,P 299.00
798,BT LAMPSHADE,215002800001,P 499.00
799,K.BRIEF(2=50),219105100002,P 50.00
800,K.SHORT,219106000002,P 169.00
801,3D NIGHT LAMP,214004600002,P 165.00
802,3D NIGHT LAMP,215004400001,P165.00
803,KIDS PAJAMA,219105400002,P 80.00
804,LED SPEAKER,215002600002,P 199.00
805,BT SPEAKER,215004200001,P 89.00
806,PORTABLE FAN,215004200001,P 89.00
807,3DNIGHT LAMP,215004300001,P139.00
808,LOPTOPTABLEW/O,214100000002,P 269.00
809,CIGARETTE LIGHTER,214100200002,P 349.00
810,SOCKS 4=100,212002600002,P100.00
811,BLOUSE(B&C),213101700002,P 209.00
812,L.BLOUSE(B&C),213101300001,P 189.00
813,K.BLOUSE(B&C),213107100002,P 139.00
814,K.SHORT,219107100002,P 139.00
815,TEEN T-SHIRT(B&C),218101200001,P 159.00
816,BOXER SHORT,218100500001,P 70.00
817,L.SUMMER HAT,213003500002,P 50.00
818,S.TUMBLER,217102000002,P 300.00
819,K.TS/BLS,219105300002,P 69.00
820,M.JACKET,218104300002,P 549.00
821,PANTYPACK@Q,212002400002,P 200.00
822,BRIEFPACK@Q,218005400002,P160.00
823,BRIEFPACK@Q,218000500002,P130.00
824,K.BOXER(4=150),219106200002,P 150.00
825,BACKPACK,214003300002,P 520.00
826,JELLY BAG,214101300002,P 169.00
827,BACKPACK,214006900002,P 420.00
828,K.RASHGUARD/TERNO,219107200001,P 429.00
829,M.LONGSLEEVE,218001000001,P 200.00
830,DRESS/BLOUSE,213103400002,P 479.00
831,L.PANTS/SKORT,212104400001,P 429.00
832,PANTY 6IN1,212004300001,P 220.00
833,K.BOXER/SET,219106200001,P 149.00
834,BRIEF PACK,218006000002,P 230.00
835,SQ.PANTS/TOKONG,212103000002,P 289.00
836,SQ.PANTS,212103500002,P 389.00
837,T-SHIRT,218004200002,P 220.00
838,T-SHIRT,218001400001,P 239.00
839,K.BLOUSE,219105800001,P 189.00
840,T-SHIRT,218102300001,P 239.00
841,DRESS,213105000001,P 839.00
842,SKIRT/SQ.PANTS,212104400002,P 519.00
843,K.BAG,214009500001,"P 1,099.00"
844,K.BAG,214008100001,P 559.00
845,SALE BRIEF,218000700002,P 10.00
846,SAMPLE ONLY,100000000001,P 3.00
847,L.PANTS,212104200002,P 499.00
848,"K,TERNO",219107200002,P 519.00
849,K.DRESS,219107300001,P 479.00
850,K.BODY BAG,214006600001,P 359.00
851,K. TERNO,219106000002,P 169.00
852,BLOUSE/DRESS,213103200002,P 359.00
853,POLO SHIRT,218103700002,P 459.00
854,K.DRESS,219107400001,P 559.00
855,POLO SHIRT,218103400001,P 429.00
856,K.POLO,219106500002,P 359.00
857,M.PANTS,218104000001,P 509.00
858,L.PANTS,2104100002,P 419.00
859,M.SHORT,218100700001,P 109.00
860,PANTY 6N1,212004300002,P 240.00
861,K.POLO,219105500002,P 239.00
862,K. SALE KNITTED,219003500001,P 2=150
863,MD30640 M.SANDO,396838229990,P158.95
864,MC30661 M.SANDO,396838229991,P158.95
865,MD30642 M.SANDO,396838229992,P158.95
866,MD30660 M.SANDO,396838229993,P158.95
867,MC30703 M.SANDO,396838229994,P158.95
868,ME30746 M.TSHIRT,396838229995,P198.95
869,ME30747 M.TSHIRT,396838229996,P198.95
870,ME30750 M.TSHIRT,396838229997,P198.95
871,ME30749 M.TSHIRT,396838229998,P198.95
872,ME30751 M.TSHIRT,396838229999,P198.95
873,M30625 M.TSHIRT,396838230000,P168.95
874,M30558 M.TSHIRT,396838230001,P168.95
875,M30528 M.TSHIRT,396838230002,P168.95
876,M30533 M.TSHIRT,396838230003,P168.85
877,M30516 M.TSHIRT,396838230004,P168.85
878,L .SKIRT/L.SHORT,212104500002,P 439.00
879,BLOUSE/DRESS,213103800002,P 459.00
880,L.RASHGUARD,213103600002,P 499.00
881,R.SHORTS,218102400001,P 259.00
882,M.JOGGER,218102500002,P 279.00
883,S.SLIPPER,215001100002,P 130.00
884,BACKPACK,214009000001,P 669.00
885,K. BAG,214007000001,P 439.00
886,UMBRELLA,212007100002,P 300.00
887,M.JACKET,218104500001,P 649.00
888,BOXER,218000000002,P 75.00
889,L.SHORT,213000000002,P 75.00
890,SCARF,213001700001,P 130.00
891,L.SHORT/SKIRT,212104600001,P 459.00
892,"L,TERNO",213104900002,P 799.00
893,DRESS,213104600001,P 639.00
894,BLOUSE/DRESS,213103500002,P 419.00
895,M.LONG SLEEVE,218102400002,P 279.00
896,M.JACKET,218001000001,P 200.00
897,BLOUSE/DRESS,213103900001,P 439.00
898,K.BOYLEG 3=100,219001000001,P100.00
899,Q LADIES BLOUSE,212110100001,P 50
900,Q LADIES BLOUSE,212110200002,P 90
901,Q LADIES BLOUSE,212110300003,P 120
902,Q LADIES SKIRT,212110400004,P 60
903,Q LADIES PANTS,212110500005,P 249
904,Q KIDS SPAG TERNO,212110600006,P 80
905,Q KID MIXUP SHIRT,212110700007,P 130
906,Q MEN CARGO PANTS,212110800008,P 149
907,DRESS/L.TERNO,213104700001,P 659.00
908,L.TERNO,213104800002,P 720.00
909,DRESS W/ SHAWL,213105000002,"P 1,059.00"
910,L.SHORT,212104300001,P 439.00
911,L.TERNO RASHGUARD,213104600001,P 639.00
912,M.TSHIRT W/C,218103600002,P 399.00
